-- phpMyAdmin SQL Dump
-- version 3.4.4
-- http://www.phpmyadmin.net
--
-- Хост: localhost
-- Время создания: Ноя 20 2011 г., 14:53
-- Версия сервера: 5.0.51
-- Версия PHP: 5.2.4-2ubuntu5.18

SET SQL_MODE="NO_AUTO_VALUE_ON_ZERO";
SET AUTOCOMMIT=0;
START TRANSACTION;
SET time_zone = "+00:00";


/*!40101 SET @OLD_CHARACTER_SET_CLIENT=@@CHARACTER_SET_CLIENT */;
/*!40101 SET @OLD_CHARACTER_SET_RESULTS=@@CHARACTER_SET_RESULTS */;
/*!40101 SET @OLD_COLLATION_CONNECTION=@@COLLATION_CONNECTION */;
/*!40101 SET NAMES utf8 */;

--
-- База данных: `it`
--

-- --------------------------------------------------------

--
-- Структура таблицы `assetcategory`
--
-- Создание: Ноя 07 2011 г., 12:37
-- Последнее обновление: Ноя 16 2011 г., 08:52
-- Последняя проверка: Ноя 09 2011 г., 04:16
--

CREATE TABLE IF NOT EXISTS `assetcategory` (
  `AssetCategoryNumber` int(10) unsigned NOT NULL default '0',
  `Name` varchar(30) default NULL,
  PRIMARY KEY  (`AssetCategoryNumber`)
) ENGINE=MyISAM DEFAULT CHARSET=utf8;

--
-- Дамп данных таблицы `assetcategory`
--

INSERT INTO `assetcategory` (`AssetCategoryNumber`, `Name`) VALUES
(0, 'Принтер'),
(1, 'Картридж'),
(2, 'Блок питания'),
(3, 'Материнка AM3'),
(4, 'CPU'),
(5, 'Корпус'),
(6, 'Телефонная розетка'),
(7, 'Ремонт оргтехники'),
(8, 'DDR3'),
(9, 'Вентилятор'),
(10, 'Розетка Ethernet'),
(11, 'HDD IDE'),
(12, 'Гарнитура'),
(13, 'Коврик для мышки'),
(14, 'Колонки'),
(15, 'Мышка USB'),
(16, 'HDD SATA'),
(17, 'Телефон DECT'),
(18, 'Ремонт телефония'),
(19, 'Термопаста'),
(20, 'Прочее'),
(21, 'DDR'),
(22, 'Телефонный провод'),
(23, 'Свич'),
(24, 'Корпус'),
(25, 'Материнка 478'),
(26, 'Flash`ка'),
(27, 'Батарейка ААА'),
(28, 'Сканер А4'),
(30, 'Доставка'),
(31, 'Внешний флопповод'),
(32, 'Телефон дальнобойный'),
(33, ''),
(34, 'Батарейка CR2025'),
(35, 'Батарейка С'),
(36, 'Ремонт UPS'),
(37, 'Замена батарей UPS'),
(38, 'Ноубук'),
(39, 'UPS'),
(40, 'Телефон обычный'),
(41, 'UPS'),
(42, 'Монитор ЖК'),
(43, 'Барабан принтера'),
(44, 'USB удлинитель'),
(45, 'Приход по заявке');

-- --------------------------------------------------------

--
-- Структура таблицы `assets`
--
-- Создание: Ноя 20 2011 г., 10:16
-- Последнее обновление: Ноя 20 2011 г., 10:52
--

CREATE TABLE IF NOT EXISTS `assets` (
  `AssetNumber` int(10) unsigned NOT NULL auto_increment,
  `AssetCategoryNumber` int(10) unsigned default NULL,
  `Model` varchar(50) default NULL,
  `SerialNumber` varchar(20) default NULL,
  `StatusCode` int(10) unsigned default NULL,
  `Place` varchar(20) default NULL,
  `PCName` varchar(20) default NULL,
  `ByeDate` date default NULL,
  `Garanty` int(10) unsigned default NULL,
  `Notes` mediumtext,
  `Price` decimal(10,0) default NULL,
  `DistributorName` varchar(30) default NULL,
  `BillNumber` varchar(20) default NULL,
  `MethodOfPayment` enum('C','NC') default NULL,
  `GarantyNumber` int(10) unsigned default NULL,
  `CancellationDate` date default NULL,
  PRIMARY KEY  (`AssetNumber`)
) ENGINE=MyISAM  DEFAULT CHARSET=utf8 AUTO_INCREMENT=275 ;

--
-- Дамп данных таблицы `assets`
--

INSERT INTO `assets` (`AssetNumber`, `AssetCategoryNumber`, `Model`, `SerialNumber`, `StatusCode`, `Place`, `PCName`, `ByeDate`, `Garanty`, `Notes`, `Price`, `DistributorName`, `BillNumber`, `MethodOfPayment`, `GarantyNumber`, `CancellationDate`) VALUES
(1, 1, 'CT-12A', '', 5, '', '', '0000-00-00', 0, '', '0', '', '', '', 0, '0000-00-00'),
(13, 1, 'CE311A', 'B0FB1240690', 0, '', '', '0000-00-00', 0, '', '0', '', '', '', 0, '0000-00-00'),
(14, 1, 'CE311A', 'B0FB1240689', 5, '', '', '0000-00-00', 0, '', '0', '', '', '', 0, '0000-00-00'),
(15, 1, 'CE312A', 'B0FB1001111', 0, '', '', '0000-00-00', 0, '', '0', '', '', '', 0, '0000-00-00'),
(16, 1, 'CE310A', 'B0FB0201991', 5, '', '', '0000-00-00', 0, '', '0', '', '', '', 0, '0000-00-00'),
(17, 1, 'CE313A', 'B0FB1235765', 5, '', '', '0000-00-00', 0, '', '0', '', '', '', 0, '0000-00-00'),
(18, 1, 'CE312A', 'B0DA8603910', 5, '', '', '0000-00-00', 0, '', '0', '', '', '', 0, '0000-00-00'),
(19, 1, 'CE313A', 'B0FB1235782', 5, '', '', '0000-00-00', 0, '', '0', '', '', '', 0, '0000-00-00'),
(20, 1, 'CE312A', 'B0FB1001205', 5, '', '', '0000-00-00', 0, '', '0', '', '', '', 0, '0000-00-00'),
(21, 1, 'CT-285A', '', 5, '', '', '0000-00-00', 0, '', '0', '', '', '', 0, '0000-00-00'),
(22, 1, 'A0V30CH', 'PM0CH9109A', 5, '', '', '0000-00-00', 0, '', '0', '', '', '', 0, '0000-00-00'),
(23, 1, 'A0V301H', 'PK01H0Z01B', 5, '', '', '0000-00-00', 0, '', '0', '', '', '', 0, '0000-00-00'),
(24, 1, 'A0V305H', 'PY05H9129A', 5, '', '', '0000-00-00', 0, '', '0', '', '', '', 0, '0000-00-00'),
(25, 1, 'A0V306H', 'PY0NH9212A', 0, '', '', '0000-00-00', 0, '', '0', '', '', '', 0, '0000-00-00'),
(26, 1, 'A0V30CH', 'PM0NH9212A', 0, '', '', '0000-00-00', 0, '', '0', '', '', '', 0, '0000-00-00'),
(27, 1, 'A0V30HH', 'PC0NH9212A', 0, '', '', '0000-00-00', 0, '', '0', '', '', '', 0, '0000-00-00'),
(28, 1, '1710567-002', '1K8121121C', 0, '', '', '0000-00-00', 0, '', '0', '', '', '', 0, '0000-00-00'),
(29, 1, '1710567-002', '1K8120Z21C', 0, '', '', '0000-00-00', 0, '', '0', '', '', '', 0, '0000-00-00'),
(31, 1, 'CT-12A', '', 5, '', '', '0000-00-00', 0, '', '0', '', '', '', 0, '0000-00-00'),
(32, 1, 'CT-12A', '', 5, '', '', '0000-00-00', 0, '', '0', '', '', '', 0, '0000-00-00'),
(33, 1, 'CT-15A', '', 0, '', '', '0000-00-00', 0, '', '0', '', '', '', 0, '0000-00-00'),
(34, 1, 'CT-15A', '', 5, '', '', '0000-00-00', 0, '', '0', '', '', '', 0, '0000-00-00'),
(35, 1, 'CT-15A', '', 5, '', '', '0000-00-00', 0, '', '0', '', '', '', 0, '0000-00-00'),
(36, 1, 'CT-15A', '', 0, '', '', '0000-00-00', 0, '', '0', '', '', '', 0, '0000-00-00'),
(37, 0, 'KM 1600W', '', 0, '501', '', '0000-00-00', 0, '', '0', '', '', '', 0, '0000-00-00'),
(38, 0, 'HP LJ CP1025', '', 0, '202', '', '0000-00-00', 0, '', '0', '', '', '', 0, '0000-00-00'),
(39, 1, 'CT-12A', '', 5, '', '', '2011-06-02', 0, '', '406', 'Стампа', '1104', 'NC', 0, '0000-00-00'),
(40, 1, 'CT-12A', '', 5, '', '', '2011-06-02', 0, '', '406', 'Стампа', '1104', 'NC', 0, '0000-00-00'),
(41, 1, 'CT-285A', '', 5, '', '', '2011-06-02', 0, '', '690', 'Стампа', '1105', 'NC', 0, '0000-00-00'),
(42, 1, 'CT-285A', '', 5, '', '', '2011-06-02', 0, '', '690', 'Стампа', '1105', 'NC', 0, '0000-00-00'),
(43, 0, 'HP LJ 1020', '', 0, 'Молодежный', '', '0000-00-00', 0, '', '0', '', '', '', 0, '0000-00-00'),
(44, 1, 'A0V301H', 'PK01H1301B', 0, '', '', '2011-06-06', 0, '', '2542', 'Km-shop', '5102298', 'NC', 0, '0000-00-00'),
(45, 1, 'A0V301H', 'PK01H1301B', 5, '', '', '2011-06-06', 0, '', '2542', 'Km-shop', '5102298', 'NC', 0, '0000-00-00'),
(46, 1, 'A0V30HH', 'PC0HH1301B', 5, '', '', '2011-06-06', 0, '', '3389', 'Km-shop', '5102298', 'NC', 0, '0000-00-00'),
(47, 1, 'A0V30HH', 'PC0HH1301B', 0, '', '', '2011-06-06', 0, '', '3389', 'Km-shop', '5102298', 'NC', 0, '0000-00-00'),
(48, 1, 'A0V306H', 'PY06H1210B', 0, '', '', '2011-06-06', 0, '', '3389', 'Km-shop', '5102298', 'NC', 0, '0000-00-00'),
(49, 1, 'A0V306H', 'PY06H1210B', 5, '', '', '2011-06-06', 0, '', '3389', 'Km-shop', '5102298', 'NC', 0, '0000-00-00'),
(50, 1, '1710567-002', '1K8121310C', 5, '', '', '2011-06-06', 0, '', '3909', 'Km-shop', '5102065', 'NC', 0, '0000-00-00'),
(51, 1, 'A1UC050', '0813A1L3-50', 5, '', '', '2011-06-06', 0, '', '1291', 'Km-shop', '5102298', 'NC', 0, '0000-00-00'),
(52, 0, 'HP LJ 1200', '', 5, '', '', '0000-00-00', 0, 'был у Табачник', '0', '', '', '', 0, '0000-00-00'),
(54, 0, 'KM 1380', '', 0, 'Марзель', '', '0000-00-00', 0, '', '0', '', '', '', 0, '0000-00-00'),
(55, 6, 'Тел. розетка', '', 5, '', '', '2011-06-13', 0, 'в 501 2-ой комп', '30', 'Савеловский', '9101', 'C', 0, '0000-00-00'),
(56, 6, 'Тел. розетка', '', 0, '', '', '2011-06-13', 0, 'на складе', '30', 'Савеловский', '9101', 'C', 0, '0000-00-00'),
(60, 7, 'HP P1102', '', 1, '', '', '2011-06-10', 0, '', '600', 'Стампа', '1175', 'NC', 0, '0000-00-00'),
(61, 1, 'A0V306H', 'PY06H1210B', 5, '', '', '2011-06-15', 0, '', '0', 'Km-shop', '', 'C', 0, '0000-00-00'),
(63, 8, 'KVR1333D3N9/4G', '04374524', 0, '', '', '2011-06-06', 36, '', '1195', 'Ф-центр', '0109015619811', 'C', 48, '0000-00-00'),
(64, 8, 'KVR1333D3N9/4G', '04374530', 0, '', '', '2011-06-06', 36, '', '1195', 'Ф-центр', '0109015619811', 'C', 48, '0000-00-00'),
(65, 9, 'TITAN TFD-12025GT12Z', '', 0, '', '', '2011-06-06', 6, '', '145', 'Ф-центр', '0109015619811', 'C', 48, '0000-00-00'),
(66, 0, 'HP P1102', '', 0, 'Бухгалтерия', '', '0000-00-00', 0, '', '0', '', '', '', 0, '0000-00-00'),
(67, 6, 'Одинарная', '', 0, '', '', '2011-06-19', 0, '', '30', 'Савеловский', '9152', 'C', 0, '0000-00-00'),
(68, 6, 'Одинарная', '', 0, '', '', '2011-06-19', 0, '', '30', 'Савеловский', '9152', 'C', 0, '0000-00-00'),
(69, 6, 'Двойная', '', 0, '', '', '2011-06-19', 0, '', '30', 'Савеловский', '9152', 'C', 0, '0000-00-00'),
(70, 6, 'Двойная', '', 0, '', '', '2011-06-19', 0, '', '30', 'Савеловский', '9152', 'C', 0, '0000-00-00'),
(71, 6, 'Двойная', '', 0, '', '', '2011-06-19', 0, '', '30', 'Савеловский', '9152', 'C', 0, '0000-00-00'),
(72, 10, 'Одинарная', '', 0, '', '', '2011-06-19', 0, '', '90', 'Савеловский', '1', 'C', 0, '0000-00-00'),
(73, 10, 'Одинарная', '', 0, '', '', '2011-06-19', 0, '', '90', 'Савеловский', '1', 'C', 0, '0000-00-00'),
(74, 10, 'Одинарная', '', 0, '', '', '2011-06-19', 0, '', '90', 'Савеловский', '1', 'C', 0, '0000-00-00'),
(75, 10, 'Одинарная', '', 0, '', '', '2011-06-19', 0, '', '90', 'Савеловский', '1', 'C', 0, '0000-00-00'),
(76, 10, 'Одинарная', '', 0, '', '', '2011-06-19', 0, '', '90', 'Савеловский', '1', 'C', 0, '0000-00-00'),
(77, 11, 'SP1203N', 'S00QJR0P400228', 0, '', '0', '2011-06-19', 1, '', '1600', 'Citilink', 'ГАРАНТИЙНЫЙ ТАЛОН', 'C', 0, '0000-00-00'),
(78, 1, 'CT-12A', '', 5, '', '', '2011-06-20', 0, '', '986', 'Стампа', '1211', 'NC', 0, '0000-00-00'),
(79, 1, 'CT-15A', '', 5, '', '', '2011-06-20', 0, '', '925', 'Стампа', '1211', 'NC', 0, '0000-00-00'),
(80, 1, 'A0V301H', '', 5, '', '', '2011-06-20', 0, '', '2513', 'Km-shop', '1100694', 'C', 0, '0000-00-00'),
(81, 1, 'A1UC050', '', 5, '', '', '2011-06-20', 0, '', '1276', 'Km-shop', '1100694', 'C', 0, '0000-00-00'),
(82, 1, '1710566-002', '', 0, '', '', '2011-06-20', 0, '', '3390', 'Km-shop', '1100694', 'C', 0, '0000-00-00'),
(83, 1, 'A0V30CH', '', 5, '', '', '2011-06-20', 0, '', '3696', 'Km-shop', '1100694', 'C', 0, '0000-00-00'),
(84, 1, 'A0V306H', '', 5, '', '', '2011-06-20', 0, '', '3697', 'Km-shop', '1100694', 'C', 0, '0000-00-00'),
(85, 1, 'A0V30HH', '', 5, '', '', '2011-06-20', 0, '', '3696', 'Km-shop', '1100694', 'C', 0, '0000-00-00'),
(86, 0, 'HP LJ 2100', '', 0, 'Мутерперель', '', '0000-00-00', 0, '', '0', '', '', '', 0, '0000-00-00'),
(87, 1, 'CT-96A', '', 5, '', '', '2011-06-22', 0, '', '1650', 'Стампа', '323', 'C', 0, '0000-00-00'),
(88, 7, 'HP LJ 1200', '', 1, '', '', '2011-06-22', 0, 'у Табачник', '366', 'Стампа', '1239', 'NC', 0, '0000-00-00'),
(89, 7, 'HP LJ 1200', '', 1, '', '', '2011-06-22', 0, 'у Табачник', '873', 'Стампа', '1239', 'NC', 0, '0000-00-00'),
(90, 13, 'Buro BU-M40077', '', 0, '', '', '2011-06-26', 0, '', '40', 'Citilink', 'W0722385', 'C', 50, '0000-00-00'),
(91, 14, 'SPU110', '', 0, 'Лазар дома', '', '2011-06-26', 12, '', '170', 'Citilink', 'W0722385', 'C', 50, '0000-00-00'),
(92, 12, 'SNet7', '', 0, 'Решко', '', '2011-06-26', 12, '', '70', 'Citilink', 'W0722385', 'C', 50, '0000-00-00'),
(93, 11, 'WD2500AAJB', 'WCAV2Z620333', 0, '', '65', '2011-06-28', 36, '', '1900', 'Citilink', 'W0729199', 'C', 51, '0000-00-00'),
(94, 15, 'OP-720', '1102', 0, '', '', '2011-06-28', 12, '', '100', 'Citilink', 'W0729199', 'C', 51, '0000-00-00'),
(95, 15, '151M', '51400200120', 0, '', '', '2011-06-28', 24, '', '160', 'Citilink', 'W0729199', 'C', 51, '0000-00-00'),
(96, 16, 'HD253GJ', 'S24JJ90B510287', 0, '', '71', '2011-07-05', 36, '', '1080', 'Citilink', 'W0742544', 'C', 52, '0000-00-00'),
(97, 16, 'HD253GJ', 'S24JJ90B510599', 0, '', '68', '2011-07-05', 36, '', '1080', 'Citilink', 'W0742544', 'C', 52, '0000-00-00'),
(98, 11, 'WD800AAJB', 'WCAV3D600671', 0, '', '67', '2011-07-05', 36, '', '1430', 'Citilink', 'W0742544', 'C', 52, '0000-00-00'),
(99, 11, 'WD800AAJB', 'WCAV3E516186', 0, '', '78', '2011-07-05', 36, '', '1430', 'Citilink', 'W0742544', 'C', 52, '0000-00-00'),
(100, 17, 'AL140', 'S30852-H2001-S301', 0, '', '', '2011-07-05', 12, '', '720', 'Citilink', 'W0742544', 'C', 52, '0000-00-00'),
(101, 19, 'АлСил-3', '', 0, '', '', '2011-07-05', 0, '', '90', 'Citilink', 'W0742544', 'C', 0, '0000-00-00'),
(102, 19, 'АлСил-3', '', 0, '', '', '2011-07-05', 0, '', '90', 'Citilink', 'W0742544', 'C', 0, '0000-00-00'),
(103, 19, 'АлСил-3', '', 0, '', '', '2011-07-05', 0, '', '90', 'Citilink', 'W0742544', 'C', 0, '0000-00-00'),
(104, 18, 'SN-H458RU', '681130430', 0, '', '', '2011-07-05', 1, '', '2100', 'Альфа-радио', '001350', 'C', 53, '0000-00-00'),
(105, 20, 'SIM-карта skylink', '', 0, '', '', '2011-07-05', 0, '', '400', 'Политрейд', 'б/н', 'C', 0, '0000-00-00'),
(106, 20, 'шнурок для телефона', '', 0, '', '', '2011-07-05', 0, '', '50', 'Политрейд', 'б/н', 'C', 0, '0000-00-00'),
(107, 20, 'Держатель АМ2+', '', 0, '', '', '2011-07-05', 0, '', '300', 'Политрейд', 'б/н', 'C', 0, '0000-00-00'),
(108, 20, 'Телефон skylink', '', 1, '', '', '2011-07-05', 0, '', '1000', 'Политрейд', 'б/н', 'C', 0, '0000-00-00'),
(109, 22, 'база-трубка', '', 0, '', '', '2011-07-13', 0, 'мой телефон', '30', 'Савеловский', 'тов.чек', 'C', 0, '0000-00-00'),
(110, 21, 'MD00DA1039M', '', 0, '', '69', '2011-07-13', 999, '', '640', 'Citilink', 'W0755793', 'C', 54, '0000-00-00'),
(111, 21, 'MD00DA1039M', '', 0, '', '68', '2011-07-13', 999, '', '640', 'Citilink', 'W0755793', 'C', 54, '0000-00-00'),
(112, 21, 'MD00DA1039M', '', 0, '', '70', '2011-07-13', 999, '??? НЕ ЗНАЮ ГДЕ НА САМОМ ДЕЛЕ', '640', 'Citilink', 'W0755793', 'C', 54, '0000-00-00'),
(113, 21, 'MD00DA1039M', '', 0, '', '70', '2011-07-17', 999, '', '620', 'Citilink', 'W0764156', 'C', 55, '0000-00-00'),
(114, 0, 'Phaser 3300MFP', '', 0, 'Бухгалтерия', '', '0000-00-00', 0, '', '0', '', '', '', 0, '0000-00-00'),
(115, 1, '106R01412', '', 5, '', '', '2011-07-20', 0, '', '6280', 'Goodprint.ru', 'УТНКС08514', 'C', 0, '0000-00-00'),
(116, 23, 'HU5D', 'HM0811401017', 0, 'ГРЩ', '', '2011-07-20', 12, 'внешний свитч', '340', 'Citilink', 'S0199065', 'C', 56, '0000-00-00'),
(117, 21, 'MD00DA1039M', '', 0, '', '71', '2011-07-20', 999, '', '620', 'Citilink', 'W0770309', 'C', 57, '0000-00-00'),
(118, 21, 'MD00DA1039M', '', 0, '', '72', '2011-07-20', 999, '', '620', 'Citilink', 'W0770309', 'C', 57, '0000-00-00'),
(119, 21, 'MD00DA1039M', '', 0, '', '', '2011-07-20', 999, '', '620', 'Citilink', 'W0770309', 'C', 57, '0000-00-00'),
(120, 2, 'MP-300W P4', 'S4161001418', 1, '', '72', '2011-07-21', 0, '', '0', 'Остатки', '-', 'C', 0, '0000-00-00'),
(121, 11, 'SP0802N', 'S00JJ40Y165457', 1, '', '72', '2011-07-21', 0, '', '0', 'Остатки', '-', 'C', 0, '0000-00-00'),
(122, 2, 'LPF2', '0102275786', 1, '', '', '2011-07-22', 0, '', '0', 'Остатки', '-', 'C', 0, '0000-00-00'),
(123, 26, 'DT100G2/16GB', '1005303-V10110094738', 0, '', '', '2011-07-26', 999, 'Ластов', '580', 'Citilink', 'W0779145', 'C', 58, '0000-00-00'),
(124, 26, 'DT100G2/16GB', '1005303-V10110094738', 0, '', '', '2011-07-26', 999, 'Песелев', '580', 'Citilink', 'W0779145', 'C', 58, '0000-00-00'),
(125, 26, 'DT100G2/16GB', '1005303-V10110094731', 0, '', '', '2011-07-26', 999, 'Корякина', '580', 'Citilink', 'W0779145', 'C', 58, '0000-00-00'),
(126, 16, 'HCS5C1025CLA382', 'HS0VKK5H', 0, '', '26', '2011-07-26', 36, 'Пичугин', '1090', 'Citilink', 'W0779145', 'C', 58, '0000-00-00'),
(127, 16, 'HCS5C1025CLA382', 'HS0VXHNH', 0, 'Бухгалтерия Ольга', '', '2011-07-26', 36, '', '1090', 'Citilink', 'W0779145', 'C', 58, '0000-00-00'),
(128, 0, 'HP LJ CP1025', '', 0, 'Раввинат СЗ', '', '0000-00-00', 0, '', '0', '', '', '', 0, '0000-00-00'),
(129, 27, '24AU-CR2', '-', 0, '', '', '2011-07-28', 84, '', '40', 'Citilink', 'W0790263', 'C', 0, '0000-00-00'),
(130, 27, '24AU-CR2', '-', 5, '', '', '2011-07-28', 84, 'пульт кондиционера', '40', 'Citilink', 'W0790263', 'C', 0, '0000-00-00'),
(131, 27, '24AU-CR2', '-', 0, '', '', '2011-07-28', 84, '', '40', 'Citilink', 'W0790263', 'C', 0, '0000-00-00'),
(132, 27, '24AU-CR2', '-', 5, '', '', '2011-07-28', 84, 'В пульт двд-плеера', '40', 'Citilink', 'W0790263', 'C', 0, '0000-00-00'),
(133, 0, 'KM 164A', '', 0, '502', '', '0000-00-00', 0, '', '0', '', '', '', 0, '0000-00-00'),
(134, 1, 'CT-285A', '', 0, '', '', '2011-08-01', 0, '', '690', 'Стампа', '1538', 'NC', 0, '0000-00-00'),
(135, 1, 'CT-285A', '', 0, '', '', '2011-08-01', 0, '', '1218', 'Стампа', '1538', 'NC', 0, '0000-00-00'),
(136, 1, 'CT-CE310A', '', 5, '', '', '2011-08-01', 0, '', '900', 'Стампа', '1538', 'NC', 0, '0000-00-00'),
(137, 1, 'CT-CE310A', '', 5, '', '', '2011-08-01', 0, '', '900', 'Стампа', '1538', 'NC', 0, '0000-00-00'),
(138, 1, 'CT-CE311A', '', 5, '', '', '2011-08-01', 0, '', '900', 'Стампа', '1538', 'NC', 0, '0000-00-00'),
(139, 1, 'CT-CE313A', '', 5, '', '', '2011-08-01', 0, '', '900', 'Стампа', '1538', 'NC', 0, '0000-00-00'),
(140, 1, 'CT-CE313A', '', 0, '', '', '2011-08-01', 0, '', '900', 'Стампа', '1538', 'NC', 0, '0000-00-00'),
(141, 1, '106R01412', '', 0, '', '', '2011-08-04', 999, '', '6040', 'Goodprint.ru', 'УТНКС08824', 'NC', 0, '0000-00-00'),
(142, 0, 'HP LJ CP1025', 'СТСРС28321', 0, 'Кан', '', '2011-08-05', 12, '', '5840', 'Citilink', 'W0780338', 'NC', 61, '0000-00-00'),
(143, 0, 'HP LJ CP1025', 'CNCHC28315', 0, 'Песелев', '75', '2011-08-05', 12, '', '5840', 'Citilink', 'W0780338', 'NC', 61, '0000-00-00'),
(144, 16, 'HDS5C3020ALA632', 'F313X9AD', 0, '', '77', '2011-08-05', 60, '', '2170', 'Citilink', 'W0780338', 'NC', 61, '0000-00-00'),
(145, 16, 'HDS5C3020ALA632', 'F317KP4D', 0, '', '77', '2011-08-05', 60, '', '2170', 'Citilink', 'W0780338', 'NC', 61, '0000-00-00'),
(146, 28, 'L2694A', 'CT14ME20A6', 0, '', '74', '2011-08-05', 12, 'Шейнкер Симона', '2060', 'Citilink', 'W0799725', 'NC', 62, '0000-00-00'),
(147, 1, 'A1UC050', '-', 0, '', '', '2011-08-08', 0, '', '1291', 'Km-shop', '5103328', 'NC', 0, '0000-00-00'),
(148, 1, 'A1UC050', '', 0, '', '', '2011-06-20', 0, '', '1276', 'Km-shop', '1100694', 'C', 0, '0000-00-00'),
(150, 23, 'JFS524-100EUS', '2HW11137012F0', 0, 'шкаф 012', '', '2011-08-18', 12, 'резервный', '2280', 'Citilink', 'W0822540', 'NC', 64, '0000-00-00'),
(151, 23, 'JFS524-100EUS', '2HW1113L012EF', 0, 'шкаф 509', '', '2011-08-18', 12, 'резервный', '2280', 'Citilink', 'W0822540', 'NC', 64, '0000-00-00'),
(152, 30, '-', '-', 0, '', '', '2011-08-18', 0, '', '390', 'Citilink', 'W0822540', 'NC', 0, '0000-00-00'),
(153, 31, 'USB-FDD TEAC', 'ASC101000702(06380)', 0, '', '', '2011-08-22', 12, '', '700', 'Савеловский', '-', 'C', 65, '0000-00-00'),
(154, 32, 'SN-358B', '-', 0, '', '', '2011-08-04', 1, '', '3500', 'Альфа-радио', '-', 'C', 60, '0000-00-00'),
(155, 30, '-', '-', 0, '', '', '2011-08-04', 0, '', '250', 'Альфа-радио', '-', 'C', 60, '0000-00-00'),
(156, 33, 'cp1025*3', '', 0, '', '', '2011-08-28', 0, '', '3130', 'Остатки', 'б/н', 'C', 0, '0000-00-00'),
(157, 34, 'CR2025*5', '', 0, '', '', '2011-08-28', 84, '', '70', 'Citilink', 'W0849022', 'C', 66, '0000-00-00'),
(158, 35, 'C*2', '-', 0, '', '', '2011-08-28', 12, '', '70', 'Citilink', 'W0848687', 'C', 67, '0000-00-00'),
(159, 0, 'HP LJ CP1025', '-', 0, 'Мендельсон', '', '2011-08-31', 0, '', '0', 'Citilink', '-', 'NC', 0, '0000-00-00'),
(160, 30, '', '', 0, '', '', '2011-08-30', 0, '', '800', 'CLT System service', '1578', 'C', 68, '0000-00-00'),
(161, 37, 'СКБ 18', '', 0, '', '', '2011-08-30', 12, '', '1427', 'CLT System service', '1578', 'C', 68, '0000-00-00'),
(162, 36, 'MGE Pulsar EI 4', '', 0, '', '', '2011-08-30', 6, '', '917', 'CLT System service', '1578', 'C', 68, '0000-00-00'),
(163, 37, 'СКБ4-APC*3', '', 0, '', '', '2011-08-30', 12, '', '5911', 'CLT System service', '1578', 'C', 68, '0000-00-00'),
(164, 36, 'SU620INET*3', '', 0, '', '', '2011-08-30', 6, '', '1048', 'CLT System service', '1578', 'C', 68, '0000-00-00'),
(165, 37, 'СКБ2-APC', '', 0, '', '', '2011-08-30', 12, '', '1836', 'CLT System service', '1578', 'C', 68, '0000-00-00'),
(166, 36, 'APC Back 500MI', '', 0, '', '', '2011-08-30', 6, '', '838', 'CLT System service', '1578', 'C', 68, '0000-00-00'),
(167, 37, 'APC-Back-UPS CS 500 ', '', 0, '', '', '2011-08-30', 6, '', '162', 'CLT System service', '1578', 'C', 68, '0000-00-00'),
(168, 38, 'Dell Inspiron 9400', '', 1, '6-R', '', '2011-09-01', 0, '', '0', '', '', '', 0, '0000-00-00'),
(169, 0, 'HP LJ 1000', '', 0, 'Глотцер', '', '2011-09-08', 0, '', '0', 'Остатки', '0', 'NC', 0, '0000-00-00'),
(170, 1, 'CT-CE312A', '', 5, '', '', '2011-09-08', 0, '', '690', 'Стампа', '1793', 'NC', 0, '0000-00-00'),
(171, 1, 'CT-CE311A', '', 5, '', '', '2011-09-08', 0, '', '1218', 'Стампа', '1793', 'NC', 0, '0000-00-00'),
(172, 38, 'Dell PP04X', '57464', 1, 'Мотя', '', '2011-09-09', 0, '', '0', 'Остатки', '0', 'C', 0, '0000-00-00'),
(174, 0, 'HP P1102', 'VNC6B33307', 0, 'Табачник', '', '2011-09-11', 12, '', '3150', 'Citilink', 'W0888433', 'C', 71, '0000-00-00'),
(175, 30, '', '', 0, '', '', '2011-09-11', 0, '', '390', 'Citilink', 'W0888433', 'C', 0, '0000-00-00'),
(176, 0, 'HP OJ 7000', '', 1, 'Баренбаум', '', '2011-09-11', 0, '', '0', 'Остатки', '0', 'C', 0, '0000-00-00'),
(177, 1, '920XL-Y', '', 5, '', '', '2011-09-11', 0, '', '0', 'Остатки', '0', 'C', 0, '0000-00-00'),
(178, 1, '920XL-M', '', 5, '', '', '2011-09-11', 0, '', '0', 'Остатки', '0', 'C', 0, '0000-00-00'),
(179, 1, '920XL-C', '', 5, '', '', '2011-09-11', 0, '', '0', 'Остатки', '0', 'C', 0, '0000-00-00'),
(180, 1, '920XL-K', '', 5, '', '', '2011-09-11', 0, '', '0', 'Остатки', '0', 'C', 0, '0000-00-00'),
(181, 41, 'IPPON Back Office 40', 'BO400 1100409305', 0, '', '', '2011-09-13', 24, '', '1070', 'Citilink', 'W0880518', 'NC', 71, '0000-00-00'),
(182, 41, 'IPPON Back Office 40', 'BO400 1102806405', 0, '', '78', '2011-09-13', 24, '', '1070', 'Citilink', 'W0880518', 'NC', 71, '0000-00-00'),
(183, 42, 'E1720NR', '0511HLNB500061', 0, '509', '', '2011-09-13', 24, 'Карпов', '3940', 'Citilink', 'W0880518', 'NC', 71, '0000-00-00'),
(184, 0, 'HP LJ Pro M1132', 'CNG9C5SN0S', 0, '012', '', '2011-09-13', 12, '', '6470', 'Citilink', 'W0880518', 'NC', 71, '0000-00-00'),
(185, 28, 'G2410', 'CN155T211D', 0, '', '', '2011-09-13', 12, '', '2010', 'Citilink', 'W0880518', 'NC', 71, '0000-00-00'),
(186, 40, 'BKT-70 RU', '', 0, '509', '', '2011-09-13', 12, '', '400', 'Citilink', 'W0880518', 'NC', 71, '0000-00-00'),
(187, 40, 'BKT-70 RU', '', 0, 'Спортзал', '', '2011-09-13', 12, '', '400', 'Citilink', 'W0880518', 'NC', 71, '0000-00-00'),
(188, 30, '', '', 0, '', '', '2011-09-13', 0, '', '390', 'Citilink', 'W0880518', 'NC', 0, '0000-00-00'),
(189, 0, 'Nashuatec 2205', '', 0, '7 этаж', '', '2011-09-19', 0, '', '0', 'Остатки', '0', 'C', 0, '0000-00-00'),
(190, 42, 'IBM 9511-AG4', '55-AV495', 1, '', '', '2011-09-19', 0, '', '0', 'Остатки', '0', 'C', 0, '0000-00-00'),
(191, 20, 'Железо журнал', '', 0, '', '', '2011-09-11', 0, '', '270', 'Савеловский', '-', 'C', 0, '0000-00-00'),
(192, 0, 'ALL', '', 0, '', '', '2011-09-25', 0, '', '0', 'Остатки', '', 'C', 0, '0000-00-00'),
(193, 1, 'CT-CE310A', '', 5, '', '', '2011-09-25', 0, '', '0', 'Остатки', '', 'C', 0, '0000-00-00'),
(194, 1, 'CT-CE311A', '', 0, '', '', '2011-09-25', 0, '', '0', 'Остатки', '', 'C', 0, '0000-00-00'),
(195, 1, 'CT-CE312A', '', 5, '', '', '2011-09-25', 0, '', '0', 'Остатки', '', 'C', 0, '0000-00-00'),
(196, 1, 'CT-CE313A', '', 5, '', '', '2011-09-25', 0, '', '0', 'Остатки', '', 'C', 0, '0000-00-00'),
(197, 1, 'CT-CE310A', '', 5, '', '', '2011-09-25', 0, '', '0', 'Остатки', '', 'C', 0, '0000-00-00'),
(198, 1, 'CT-CE310A', '', 0, '', '', '2011-09-25', 0, '', '0', 'Остатки', '', 'C', 0, '0000-00-00'),
(199, 1, 'CT-CE310A', '', 0, '', '', '2011-09-25', 0, '', '0', 'Остатки', '', 'C', 0, '0000-00-00'),
(200, 1, 'CT-CE310A', '', 0, '', '', '2011-09-26', 0, '', '900', 'Стампа', '1886', 'NC', 0, '0000-00-00'),
(201, 1, 'CT-CE310A', '', 0, '', '', '2011-09-26', 0, '', '900', 'Стампа', '1886', 'NC', 0, '0000-00-00'),
(202, 1, 'CT-CE310A', '', 0, '', '', '2011-09-26', 0, '', '900', 'Стампа', '1886', 'NC', 0, '0000-00-00'),
(203, 1, 'CT-CE310A', '', 0, '', '', '2011-09-26', 0, '', '900', 'Стампа', '1886', 'NC', 0, '0000-00-00'),
(204, 1, 'CT-CE313A', '', 5, '', '', '2011-09-26', 0, '', '900', 'Стампа', '1886', 'NC', 0, '0000-00-00'),
(205, 1, 'CT-CE313A', '', 0, '', '', '2011-09-26', 0, '', '900', 'Стампа', '1886', 'NC', 0, '0000-00-00'),
(206, 1, 'CT-CE312A', '', 0, '', '', '2011-09-26', 0, '', '900', 'Стампа', '1886', 'NC', 0, '0000-00-00'),
(207, 1, 'CT-CE313A', '', 0, '', '', '2011-09-26', 0, '', '900', 'Стампа', '338', 'C', 0, '0000-00-00'),
(208, 1, 'CT-CE312A', '', 0, '', '', '2011-09-26', 0, '', '900', 'Стампа', '338', 'C', 0, '0000-00-00'),
(209, 1, 'CT-CE312A', '', 0, '', '', '2011-09-26', 0, '', '900', 'Стампа', '338', 'C', 0, '0000-00-00'),
(210, 1, 'CT-CE311A', '', 0, '', '', '2011-09-26', 0, '', '900', 'Стампа', '338', 'C', 0, '0000-00-00'),
(211, 1, 'A0V301H', '', 0, '', '', '2011-09-26', 0, '', '2732', 'Km-shop', '1101048', 'C', 0, '0000-00-00'),
(212, 1, 'A0V301H', '', 0, '', '', '2011-09-26', 0, '', '2732', 'Km-shop', '1101048', 'C', 0, '0000-00-00'),
(213, 1, 'A0V30CH', '', 0, '', '', '2011-09-26', 0, '', '3642', 'Km-shop', '1101048', 'C', 0, '0000-00-00'),
(214, 0, 'HP LJ 1200', '', 0, '', '', '2011-09-28', 0, '', '0', 'Остатки', '', 'C', 0, '0000-00-00'),
(215, 0, 'HP LJ 1020', '', 0, 'Лазар', '', '2011-09-28', 0, '', '0', 'Остатки', '', 'C', 0, '0000-00-00'),
(216, 1, '920XL-Y', '', 0, '', '', '2011-10-06', 0, '', '420', 'Goodprint.ru', 'УТНКС11028', 'NC', 0, '0000-00-00'),
(217, 1, '920XL-M', '', 0, '', '', '2011-10-06', 0, '', '420', 'Goodprint.ru', 'УТНКС11028', 'NC', 0, '0000-00-00'),
(218, 1, '920XL-K', '', 0, '', '', '2011-10-06', 0, '', '930', 'Goodprint.ru', 'УТНКС11028', 'NC', 0, '0000-00-00'),
(219, 1, '285A', '', 5, '', '', '2011-10-06', 0, '', '2310', 'Goodprint.ru', 'УТНКС11028', 'NC', 0, '0000-00-00'),
(220, 1, '285A', '', 5, '', '', '2011-10-06', 0, '', '2310', 'Goodprint.ru', 'УТНКС11028', 'NC', 0, '0000-00-00'),
(221, 1, 'CE310A', '', 0, '', '', '2011-10-06', 0, '', '1810', 'Goodprint.ru', 'УТНКС11028', 'NC', 0, '0000-00-00'),
(222, 1, '285A', '', 5, '', '', '2011-10-06', 0, '', '1810', 'Goodprint.ru', 'УТНКС11028', 'NC', 0, '0000-00-00'),
(223, 1, 'CT-CE313A', '', 0, '', '', '2011-10-06', 0, '', '900', 'Стампа', '-', 'NC', 0, '0000-00-00'),
(224, 1, 'CT-15A', '', 0, '', '', '2011-10-06', 0, '', '900', 'Стампа', '-', 'NC', 0, '0000-00-00'),
(225, 1, 'CT-12A', '', 0, '', '', '2011-10-06', 0, '', '900', 'Стампа', '-', 'NC', 0, '0000-00-00'),
(226, 1, '285A', '', 5, '', '', '2011-10-06', 0, '', '2100', 'Citilink', '-', 'NC', 0, '0000-00-00'),
(227, 22, 'белый', '', 0, 'Регина', '', '2011-10-09', 0, '', '70', 'Савеловский', '1Ф', 'C', 0, '0000-00-00'),
(228, 22, 'чёрный', '', 0, 'Раввинат', '', '2011-10-09', 0, '', '75', 'Стампа', '9927', 'C', 0, '0000-00-00'),
(229, 22, 'чёрный', '', 0, 'Зобак', '', '2011-10-09', 0, '', '75', 'Савеловский', '9927', 'C', 0, '0000-00-00'),
(230, 20, 'Средство для чистки', '', 0, '', '', '2011-10-09', 0, '', '120', 'Савеловский', '7066', 'C', 0, '0000-00-00'),
(231, 0, 'Canon Fax-L220', '', 1, '', '', '2011-10-10', 0, '', '0', 'Остатки', '', 'C', 0, '0000-00-00'),
(232, 43, 'CE314A', '', 0, '', '', '2011-10-13', 12, '', '2760', 'Citilink', 'W0975910', 'C', 55, '0000-00-00'),
(233, 2, '400W', '', 0, '', '', '2011-10-11', 0, '', '600', 'Савеловский', '013622', 'C', 0, '0000-00-00'),
(234, 44, '1,8', '', 0, '', '', '2011-10-18', 0, '', '0', 'Остатки', '', 'C', 0, '0000-00-00'),
(235, 44, '1,8', '', 0, 'Портнова', '76', '2011-10-18', 0, '', '0', 'Савеловский', '-', 'C', 0, '0000-00-00'),
(236, 0, 'HP LaserJet P2055d', '', 0, '', '', '2011-10-25', 0, '', '0', 'Остатки', '', 'C', 0, '0000-00-00'),
(237, 1, '05X', '', 5, '', '', '2011-10-25', 0, '', '5800', 'Goodprint.ru', 'УТНКС11804', 'C', 0, '0000-00-00'),
(238, 16, 'HD256GJ', 'S2BHJ90B900693', 0, '', '', '2011-10-25', 36, '', '1350', 'Citilink', 'W1019091', 'C', 56, '0000-00-00'),
(239, 16, 'HD256GJ', 'S2BHJ90B900691', 0, '', '', '2011-10-25', 36, '', '1350', 'Citilink', 'W1019091', 'C', 56, '0000-00-00'),
(240, 16, 'HD256GJ', 'S2BHJ90B900694', 0, '', '', '2011-10-25', 36, '', '1350', 'Citilink', 'W1019091', 'C', 56, '0000-00-00'),
(241, 1, 'CT-12A', '', 0, '', '', '2011-10-24', 0, '', '1972', 'Стампа', '352', 'C', 0, '0000-00-00'),
(242, 1, 'CT-12A', '', 0, '', '', '2011-10-24', 0, '', '406', 'Стампа', '352', 'C', 0, '0000-00-00'),
(243, 1, 'CT-12A', '', 0, '', '', '2011-10-24', 0, '', '1972', 'Стампа', '352', 'C', 0, '0000-00-00'),
(244, 1, 'CT-285A', '', 0, '', '', '2011-10-24', 0, '', '1218', 'Стампа', '352', 'C', 0, '0000-00-00'),
(245, 1, 'CT-CE313A', '', 0, '', '', '2011-10-24', 0, '', '900', 'Стампа', '352', 'C', 0, '0000-00-00'),
(246, 1, 'CT-285A', '', 0, '', '', '2011-10-24', 0, '', '690', 'Стампа', '352', 'C', 0, '0000-00-00'),
(247, 1, 'CT-CE310A', '', 0, '', '', '2011-10-24', 0, '', '900', 'Стампа', '352', 'C', 0, '0000-00-00'),
(248, 20, 'Chip 10/11', '', 0, '', '', '2011-10-26', 0, '', '156', 'Савеловский', '380', 'C', 0, '0000-00-00'),
(249, 20, 'USB-hub', '', 0, 'Бухгалтерия', '', '2011-10-27', 0, '', '230', 'Савеловский', '--', 'C', 0, '0000-00-00'),
(250, 20, 'USB-hub', '', 0, '', '', '2011-10-27', 0, '', '230', 'Савеловский', '--', 'C', 0, '0000-00-00'),
(251, 20, 'IDE шлейф 0,9', '', 0, '', '78', '2011-10-27', 0, '', '110', 'Савеловский', '--', 'C', 0, '0000-00-00'),
(252, 1, 'A0V306H', '', 5, '', '', '2011-10-30', 0, '', '0', 'Остатки', '', 'C', 0, '0000-00-00'),
(253, 1, 'A0V30CH', '', 5, '', '', '2011-10-30', 0, '', '0', 'Остатки', '', 'C', 0, '0000-00-00'),
(254, 1, 'A0V30HH', '', 5, '', '', '2011-10-30', 0, '', '0', 'Остатки', '', 'C', 0, '0000-00-00'),
(255, 1, 'CE310A', '', 0, '', '', '2011-10-30', 0, '', '0', 'Остатки', '', 'C', 0, '0000-00-00'),
(256, 20, 'Сканер-штрихкодов AS', '', 0, '', '', '2011-10-31', 12, '', '1620', 'Савеловский', '1446', 'C', 57, '0000-00-00'),
(257, 20, 'DVD*-R*5', '', 0, '', '', '2011-10-31', 0, '', '55', 'Савеловский', '7', 'C', 0, '0000-00-00'),
(258, 20, 'USB-hub', '', 0, '', '', '2011-10-31', 0, '', '250', 'Савеловский', 'A-36', 'C', 0, '0000-00-00'),
(259, 20, 'IDE шлейф 0,9', '', 0, '', '78', '2011-10-31', 0, '', '80', 'Citilink', 'W1039486', 'C', 0, '0000-00-00'),
(260, 1, 'A0FP022', '', 0, '', '', '2011-11-01', 0, '', '11220', 'Km-shop', '1101194', 'C', 0, '0000-00-00'),
(261, 1, 'A0FP022', '', 0, '', '', '2011-11-01', 0, '', '11220', 'Km-shop', '1101194', 'C', 0, '0000-00-00'),
(262, 1, 'A0FP021', '', 0, '', '', '2011-11-01', 0, '', '9069', 'Km-shop', '1101194', 'C', 0, '0000-00-00'),
(263, 1, 'A0FP022', '', 0, '', '', '2011-11-03', 0, '', '0', 'Km-shop', '-', 'C', 0, '0000-00-00'),
(264, 45, 'От ФЕОРа на картридж', '', 0, '', '', '2011-11-01', 0, '', '-29000', 'Остатки', '', 'C', 0, '0000-00-00'),
(265, 45, 'по заявке', '', 0, '', '', '2011-11-01', 0, '', '-3700', 'Остатки', '', 'C', 0, '0000-00-00'),
(266, 20, 'Оплата виртуального сервера', '', 0, '', '', '2011-11-02', 0, '', '3806', 'Савеловский', 'квитанция', 'C', 0, '0000-00-00'),
(267, 0, 'HP LaserJet P2055d', 'CNCJL41265', 0, '', '', '2011-11-04', 12, '', '8040', 'Citilink', 'W1032111', 'NC', 58, '0000-00-00'),
(268, 43, '1600W', '', 5, '', '', '2011-11-07', 0, '', '3715', 'Km-shop', '1101213', 'C', 0, '2007-11-11'),
(269, 0, 'Gestetner 2715z+', '', 2, 'Раввинат СЗ', '', '2011-11-01', 0, '', '0', '', '', 'C', 0, '0000-00-00');

-- --------------------------------------------------------

--
-- Структура таблицы `cartridge_cartridge_type`
--
-- Создание: Ноя 08 2011 г., 05:43
-- Последнее обновление: Ноя 08 2011 г., 05:51
-- Последняя проверка: Ноя 09 2011 г., 04:16
--

CREATE TABLE IF NOT EXISTS `cartridge_cartridge_type` (
  `Model` varchar(20) NOT NULL default '',
  `CartridgeType` varchar(20) default NULL,
  `Color` enum('K','Y','M','C') default NULL,
  PRIMARY KEY  (`Model`),
  KEY `fk_cartrige_type` (`CartridgeType`)
) ENGINE=MyISAM DEFAULT CHARSET=utf8;

--
-- Дамп данных таблицы `cartridge_cartridge_type`
--

INSERT INTO `cartridge_cartridge_type` (`Model`, `CartridgeType`, `Color`) VALUES
('05X', '05X', 'K'),
('106R01412', 'Ph3300', 'K'),
('12A', '12A', 'K'),
('15A', '15A', 'K'),
('1710567-002', 'PP1380', 'K'),
('285A', '285A', 'K'),
('920XL-C', '920-C', 'C'),
('920XL-K', '920-K', 'K'),
('920XL-M', '920-M', 'M'),
('920XL-Y', '920-Y', 'Y'),
('A0FP021', 'PP5650', 'K'),
('A0FP022', 'PP5650', 'K'),
('A0V301H', '1600W-K', 'K'),
('A0V305H', '1600W-Y', 'Y'),
('A0V306H', '1600W-Y', 'Y'),
('A0V30AH', '1600W-M', 'M'),
('A0V30CH', '1600W-M', 'M'),
('A0V30GH', '1600W-C', 'C'),
('A0V30HH', '1600W-C', 'C'),
('A1UC050', 'BH164A', 'K'),
('c4096a', '96A', 'K'),
('CE310A', 'CP1025-K', 'K'),
('CE311A', 'CP1025-C', 'C'),
('CE312A', 'CP1025-Y', 'Y'),
('CE313A', 'CP1025-M', 'M'),
('CT-12A', '12A', 'K'),
('CT-15A', '15A', 'K'),
('CT-285A', '285A', 'K'),
('CT-96A', '96A', 'K'),
('CT-CE310A', 'CP1025-K', 'K'),
('CT-CE311A', 'CP1025-C', 'C'),
('CT-CE312A', 'CP1025-Y', 'Y'),
('CT-CE313A', 'CP1025-M', 'M');

-- --------------------------------------------------------

--
-- Структура таблицы `cartridge_model`
--
-- Создание: Ноя 07 2011 г., 12:54
-- Последнее обновление: Ноя 08 2011 г., 05:53
-- Последняя проверка: Ноя 09 2011 г., 04:16
--

CREATE TABLE IF NOT EXISTS `cartridge_model` (
  `Model` varchar(20) NOT NULL default '',
  `CartridgeCapacity` int(10) unsigned default NULL,
  `Original` tinyint(1) default NULL,
  PRIMARY KEY  (`Model`)
) ENGINE=MyISAM DEFAULT CHARSET=utf8;

--
-- Дамп данных таблицы `cartridge_model`
--

INSERT INTO `cartridge_model` (`Model`, `CartridgeCapacity`, `Original`) VALUES
('05X', 6000, 1),
('106R01412', 0, 1),
('12A', 0, 1),
('15A', 0, 1),
('1710567-002', 6000, 1),
('285A', 0, 1),
('920XL-C', 700, 1),
('920XL-K', 1200, 1),
('920XL-M', 700, 1),
('920XL-Y', 700, 1),
('A0FP021', 11000, 1),
('A0FP022', 19000, 1),
('A0V301H', 2500, 1),
('A0V305H', 1500, 1),
('A0V306H', 2500, 1),
('A0V30AH', 0, 1),
('A0V30CH', 2500, 1),
('A0V30GH', 0, 1),
('A0V30HH', 2500, 1),
('A1UC050', 0, 1),
('c4096a', 0, 1),
('CE285A', 1600, 1),
('CE310A', 1200, 1),
('CE311A', 1000, 1),
('CE312A', 1000, 1),
('CE313A', 1000, 1),
('CT-12A', 0, 0),
('CT-15A', 0, 0),
('CT-285A', 0, 0),
('CT-96A', 0, 0),
('CT-CE310A', 0, 0),
('CT-CE311A', 0, 0),
('CT-CE312A', 0, 0),
('CT-CE313A', 0, 0);

-- --------------------------------------------------------

--
-- Структура таблицы `departments`
--
-- Создание: Ноя 07 2011 г., 12:28
-- Последнее обновление: Ноя 08 2011 г., 04:54
-- Последняя проверка: Ноя 09 2011 г., 04:16
--

CREATE TABLE IF NOT EXISTS `departments` (
  `Department` varchar(20) NOT NULL default '',
  PRIMARY KEY  (`Department`)
) ENGINE=MyISAM DEFAULT CHARSET=utf8;

--
-- Дамп данных таблицы `departments`
--

INSERT INTO `departments` (`Department`) VALUES
('012'),
('202'),
('501'),
('502'),
('Баренбаум'),
('Библиотека'),
('Бухгалтерия'),
('Глотцер'),
('Кан'),
('Лазар'),
('Марзель'),
('Мендельсон'),
('Молодежный'),
('Мутерперель'),
('Песелев'),
('Раввинат'),
('Раввинат СЗ'),
('Списание');

-- --------------------------------------------------------

--
-- Структура таблицы `distributors`
--
-- Создание: Ноя 07 2011 г., 12:05
-- Последнее обновление: Ноя 08 2011 г., 04:44
-- Последняя проверка: Ноя 09 2011 г., 04:16
--

CREATE TABLE IF NOT EXISTS `distributors` (
  `DistributorName` varchar(30) NOT NULL default '',
  `ContactPerson` varchar(50) default NULL,
  `ContactPersonJob` varchar(50) default NULL,
  `Email` varchar(30) default NULL,
  `Tel` varchar(20) default NULL,
  `Fax` varchar(20) default NULL,
  `Adress` varchar(70) default NULL,
  PRIMARY KEY  (`DistributorName`)
) ENGINE=MyISAM DEFAULT CHARSET=utf8;

--
-- Дамп данных таблицы `distributors`
--

INSERT INTO `distributors` (`DistributorName`, `ContactPerson`, `ContactPersonJob`, `Email`, `Tel`, `Fax`, `Adress`) VALUES
('Citilink', 'Каширина Светлана', '', '', '', '', ''),
('Савеловский', 'Продавец', '', '', '', '', ''),
('Стампа', 'Игорь Григорьевич', '', '', '', '', ''),
('Km-shop', '', '', '', '', '', ''),
('Ф-центр', '', '', '', '', '', ''),
('Политрейд', '', '', '', '', '', ''),
('Альфа-радио', '', '', '', '', '', ''),
('Goodprint.ru', '', '', '', '', '', ''),
('Остатки', '', '', '', '', '', ''),
('AE Person', '', '', '', '', '', ''),
('CLT system service', '', '', '', '', '', ''),
('ESLab', '', '', '', '', '', ''),
('Копи-групп', '', '', '', '7395852', '', '');

-- --------------------------------------------------------

--
-- Структура таблицы `pcnames`
--
-- Создание: Ноя 07 2011 г., 11:54
-- Последнее обновление: Ноя 08 2011 г., 04:50
-- Последняя проверка: Ноя 09 2011 г., 04:16
--

CREATE TABLE IF NOT EXISTS `pcnames` (
  `PCName` varchar(20) NOT NULL default '',
  `Notes` mediumtext,
  `IP` varchar(15) default NULL,
  PRIMARY KEY  (`PCName`)
) ENGINE=MyISAM DEFAULT CHARSET=utf8;

--
-- Дамп данных таблицы `pcnames`
--

INSERT INTO `pcnames` (`PCName`, `Notes`, `IP`) VALUES
('SH-Ludmila', 'Есть в старой базе', ''),
('0-012', '', '192.168.1.36'),
('0-08', '', ''),
('0-08-2', '', ''),
('0-011-T1', '', ''),
('0-011-T2', 'отсутствует?', ''),
('0-011-T4', '', ''),
('0-011-T6', '', ''),
('1-R', '', ''),
('1-GARDEROB-R', '', ''),
('1-GARDEROB-L', '', ''),
('2-201-1', '', ''),
('2-201-2', '', ''),
('2-202-1', '', ''),
('2-202-2', '', ''),
('2-DUKAREVICH', '', ''),
('3-NAKSHINA', '', ''),
('3-301-1', '', ''),
('3-301-2', '', ''),
('3-KIDS', '', ''),
('3-RIMON', '', ''),
('5-R', '', ''),
('5-RESHKO', '', ''),
('5-MOTI', '', ''),
('5-509-1', 'Карпов', ''),
('5-509-2', 'Пичугин', ''),
('6-R-1', '', ''),
('6-R-2', '', ''),
('6-LAZAR', '', ''),
('6-ELIMELECH', '', ''),
('6-ZOBAK', '', ''),
('ICAFE-0', '', ''),
('I-CAFE-99', '', ''),
('I-CAFE-2', '', ''),
('I-CAFE-3', '', ''),
('I-CAFE-4', '', ''),
('I-CAFE-5', '', ''),
('I-CAFE-6', '', ''),
('I-CAFE-7', '', ''),
('I-CAFE-8', '', ''),
('KURS-1-1', '', ''),
('KURS-1-2', '', ''),
('KURS-1-3', '', ''),
('KURS-1-4', '', ''),
('KURS-1-5', '', ''),
('KURS-1-6', '', ''),
('KURS-1-7', '', ''),
('KURS-1-8', '', ''),
('KURS-1-9', '', ''),
('KURS-1-10', '', ''),
('KURS-1-11', '', ''),
('KURS-1-12', '', ''),
('KURS-2-1', '', ''),
('KURS-2-2', '', ''),
('KURS-2-3', '', ''),
('KURS-2-4', '', ''),
('KURS-2-5', '', ''),
('KURS-2-6', '', ''),
('KURS-2-7', '', ''),
('KURS-2-8', '', ''),
('KURS-2-9', '', ''),
('KURS-2-10', '', ''),
('KURS-2-11', '', ''),
('KURS-2-12', '', ''),
('TEMP20', '', ''),
('TEMP21', '', ''),
('TEMP22', '', ''),
('TEMP24', '', ''),
('TEMP23', '', ''),
('0-011-T5', '', ''),
('TEMP30', '', ''),
('TEMP31', '', ''),
('TEMP-P3-2000-4', '', ''),
('SH-2-simona', '', ''),
('SH-IGOR', 'Песелев', ''),
('5-501-1', 'Портнова', ''),
('New-server', 'на замену старому', ''),
('SRV-AV', 'Сервер антивируса', '');

-- --------------------------------------------------------

--
-- Структура таблицы `pcsoft`
--
-- Создание: Ноя 07 2011 г., 12:26
-- Последнее обновление: Ноя 07 2011 г., 12:26
--

CREATE TABLE IF NOT EXISTS `pcsoft` (
  `PCName` varchar(20) NOT NULL default '',
  `Programm` varchar(30) NOT NULL default '',
  `ProgrammKey` varchar(30) default NULL,
  `Notes` text,
  `Verified` tinyint(1) default NULL,
  `Free` tinyint(1) default NULL,
  `NonLegal` tinyint(1) default NULL,
  PRIMARY KEY  (`PCName`,`Programm`)
) ENGINE=MyISAM DEFAULT CHARSET=utf8;

-- --------------------------------------------------------

--
-- Структура таблицы `printer_cartridge`
--
-- Создание: Ноя 08 2011 г., 05:00
-- Последнее обновление: Ноя 17 2011 г., 06:55
-- Последняя проверка: Ноя 09 2011 г., 04:16
--

CREATE TABLE IF NOT EXISTS `printer_cartridge` (
  `Printer` int(10) unsigned default NULL,
  `Cartridge` int(10) unsigned NOT NULL default '0',
  `put` datetime default NULL,
  PRIMARY KEY  (`Cartridge`),
  KEY `fk_printer` (`Printer`),
  KEY `Cartridge` (`Cartridge`)
) ENGINE=MyISAM DEFAULT CHARSET=utf8;

--
-- Дамп данных таблицы `printer_cartridge`
--

INSERT INTO `printer_cartridge` (`Printer`, `Cartridge`, `put`) VALUES
(43, 32, '2011-06-01 00:00:00'),
(52, 35, '2011-06-06 00:00:00'),
(37, 49, '2011-06-07 00:00:00'),
(54, 50, '2011-06-13 00:00:00'),
(37, 61, '2011-06-15 00:00:00'),
(66, 42, '2011-06-15 00:00:00'),
(86, 87, '2011-06-22 00:00:00'),
(43, 40, '2011-07-06 00:00:00'),
(38, 19, '2011-07-13 00:00:00'),
(114, 115, '2011-07-20 00:00:00'),
(66, 21, '2011-07-26 00:00:00'),
(66, 41, '2011-07-11 00:00:00'),
(128, 14, '2011-07-28 00:00:00'),
(128, 16, '2011-07-28 00:00:00'),
(128, 17, '2011-07-28 00:00:00'),
(128, 18, '2011-07-28 00:00:00'),
(37, 24, '2011-07-28 00:00:00'),
(37, 23, '2011-07-28 00:00:00'),
(133, 81, '2011-08-01 00:00:00'),
(38, 20, '2011-08-31 00:00:00'),
(38, 137, '2011-08-31 00:00:00'),
(38, 139, '2011-08-31 00:00:00'),
(159, 136, '2011-08-31 00:00:00'),
(159, 138, '2011-08-31 00:00:00'),
(169, 79, '2011-09-08 00:00:00'),
(176, 177, '2011-09-11 00:00:00'),
(43, 78, '2011-09-19 00:00:00'),
(176, 178, '2011-09-25 00:00:00'),
(192, 80, '2011-09-25 00:00:00'),
(192, 45, '2011-09-25 00:00:00'),
(192, 84, '2011-09-25 00:00:00'),
(192, 83, '2011-09-25 00:00:00'),
(192, 22, '2011-09-25 00:00:00'),
(192, 85, '2011-09-25 00:00:00'),
(192, 46, '2011-09-25 00:00:00'),
(214, 34, '2011-09-28 00:00:00'),
(215, 39, '2011-09-28 00:00:00'),
(128, 197, '2011-10-10 00:00:00'),
(128, 170, '2011-10-10 00:00:00'),
(128, 196, '2011-10-10 00:00:00'),
(236, 237, '2011-10-25 00:00:00'),
(176, 179, '2011-10-30 00:00:00'),
(133, 51, '2011-10-30 00:00:00'),
(192, 31, '2011-10-30 00:00:00'),
(192, 193, '2011-10-30 00:00:00'),
(192, 222, '2011-10-30 00:00:00'),
(192, 219, '2011-10-30 00:00:00'),
(192, 180, '2011-10-31 00:00:00'),
(193, 195, '2011-11-02 00:00:00'),
(66, 220, '2011-11-07 00:00:00'),
(37, 252, '2011-11-07 00:00:00'),
(37, 253, '2011-11-07 00:00:00'),
(37, 254, '2011-11-07 00:00:00'),
(143, 204, '2011-11-14 10:39:00'),
(143, 171, '2011-11-15 12:00:00'),
(174, 226, '2011-11-17 10:54:51');

-- --------------------------------------------------------

--
-- Структура таблицы `printer_cartridge_type`
--
-- Создание: Ноя 07 2011 г., 12:49
-- Последнее обновление: Ноя 08 2011 г., 05:11
-- Последняя проверка: Ноя 09 2011 г., 04:16
--

CREATE TABLE IF NOT EXISTS `printer_cartridge_type` (
  `ID` int(10) unsigned NOT NULL default '0',
  `Model` varchar(20) default NULL,
  `CartridgeType` varchar(20) default NULL,
  `Color` tinyint(1) default NULL,
  PRIMARY KEY  (`ID`),
  KEY `fk_model` (`Model`)
) ENGINE=MyISAM DEFAULT CHARSET=utf8;

--
-- Дамп данных таблицы `printer_cartridge_type`
--

INSERT INTO `printer_cartridge_type` (`ID`, `Model`, `CartridgeType`, `Color`) VALUES
(1, 'KM 1600W', '1600W-K', 1),
(2, 'KM 1600W', '1600W-C', 1),
(3, 'KM 1600W', '1600W-Y', 1),
(4, 'KM 1600W', '1600W-M', 1),
(9, 'HP LJ 1020', '12A', 0),
(10, 'HP LJ CP1025', 'CP1025-K', 1),
(11, 'HP LJ CP1025', 'CP1025-Y', 1),
(12, 'HP LJ CP1025', 'CP1025-C', 1),
(13, 'HP LJ CP1025', 'CP1025-M', 1),
(14, 'HP LJ 1200', '15A', 0),
(15, 'KM 1380', 'PP1380', 0),
(18, 'HP P1102', '285A', 0),
(19, 'KM 164A', 'BH164A', 0),
(21, 'HP LJ 2100', '96A', 0),
(22, 'Phaser 3300MFP', 'Ph3300', 0),
(27, 'HP LJ 1000', '15A', 0),
(29, 'HP OJ 7000', '920-Y', 1),
(30, 'HP OJ 7000', '920-M', 1),
(31, 'HP OJ 7000', '920-C', 1),
(32, 'HP OJ 7000', '920-K', 1),
(33, 'HP LJ Pro M1132', '285A', 0),
(36, 'HP LaserJet P2055d', '05X', 0),
(38, 'KM PP 5650', 'PP5650', 0);

-- --------------------------------------------------------

--
-- Структура таблицы `printer_department`
--
-- Создание: Ноя 17 2011 г., 05:02
-- Последнее обновление: Ноя 20 2011 г., 07:20
--

CREATE TABLE IF NOT EXISTS `printer_department` (
  `ID` int(10) unsigned NOT NULL default '0',
  `Printer` int(10) unsigned default NULL,
  `Department` varchar(20) default NULL,
  `puted` datetime NOT NULL,
  `removed` datetime default NULL,
  PRIMARY KEY  (`ID`),
  KEY `fk_printer` (`Printer`),
  KEY `fk_department` (`Department`)
) ENGINE=MyISAM DEFAULT CHARSET=utf8;

--
-- Дамп данных таблицы `printer_department`
--

INSERT INTO `printer_department` (`ID`, `Printer`, `Department`, `puted`, `removed`) VALUES
(0, 37, '501', '2011-06-01 00:00:00', '0000-00-00 00:00:00'),
(1, 38, '202', '2011-06-01 00:00:00', '0000-00-00 00:00:00'),
(2, 43, 'Молодежный', '2011-06-01 00:00:00', '0000-00-00 00:00:00'),
(3, 52, 'Раввинат', '2011-06-01 00:00:00', '2011-09-07 00:00:00'),
(4, 54, 'Марзель', '2011-06-01 00:00:00', '0000-00-00 00:00:00'),
(5, 66, 'Бухгалтерия', '2011-06-01 00:00:00', '0000-00-00 00:00:00'),
(6, 86, 'Мутерперель', '2011-06-01 00:00:00', '0000-00-00 00:00:00'),
(7, 114, 'Бухгалтерия', '2011-06-01 00:00:00', '0000-00-00 00:00:00'),
(8, 128, 'Раввинат СЗ', '2011-06-01 00:00:00', '0000-00-00 00:00:00'),
(9, 133, '502', '2011-06-01 00:00:00', '0000-00-00 00:00:00'),
(10, 143, 'Песелев', '2011-08-09 00:00:00', '0000-00-00 00:00:00'),
(11, 159, 'Мендельсон', '2011-06-01 00:00:00', '0000-00-00 00:00:00'),
(12, 169, 'Глотцер', '2011-06-01 00:00:00', '2011-09-07 00:00:00'),
(13, 142, 'Кан', '2011-09-06 00:00:00', '0000-00-00 00:00:00'),
(14, 52, 'Глотцер', '2011-09-07 00:00:00', '2011-09-11 00:00:00'),
(15, 169, 'Раввинат', '2011-09-07 00:00:00', '2011-09-11 00:00:00'),
(16, 169, 'Глотцер', '2011-09-11 00:00:00', '0000-00-00 00:00:00'),
(17, 174, 'Раввинат', '2011-09-11 00:00:00', '0000-00-00 00:00:00'),
(18, 176, 'Баренбаум', '2011-09-11 00:00:00', '0000-00-00 00:00:00'),
(19, 184, '012', '2011-09-13 00:00:00', '0000-00-00 00:00:00'),
(20, 192, 'Списание', '2011-09-25 00:00:00', '0000-00-00 00:00:00'),
(21, 214, 'Библиотека', '2011-09-28 00:00:00', '0000-00-00 00:00:00'),
(22, 215, 'Лазар', '2011-09-28 00:00:00', '0000-00-00 00:00:00'),
(23, 231, 'Раввинат СЗ', '2011-10-10 00:00:00', '0000-00-00 00:00:00'),
(24, 236, 'Бухгалтерия', '2011-10-25 00:00:00', '0000-00-00 00:00:00'),
(26, 267, 'Песелев', '2011-11-03 00:00:00', '0000-00-00 00:00:00'),
(27, 269, 'Раввинат СЗ', '2011-11-14 00:00:00', '0000-00-00 00:00:00');

-- --------------------------------------------------------

--
-- Структура таблицы `repairing`
--
-- Создание: Ноя 07 2011 г., 12:21
-- Последнее обновление: Ноя 14 2011 г., 08:13
-- Последняя проверка: Ноя 09 2011 г., 04:16
--

CREATE TABLE IF NOT EXISTS `repairing` (
  `ID` int(10) unsigned NOT NULL default '0',
  `AssetNumber` int(10) unsigned default NULL,
  `Breakdown` mediumtext,
  `DistributorName` varchar(30) default NULL,
  `StartDate` date default NULL,
  `EndDate` date default NULL,
  `Garanty` int(10) unsigned default NULL,
  `Price` decimal(10,0) unsigned default NULL,
  `BillDate` date default NULL,
  `GarantyNumber` int(10) unsigned default NULL,
  `BilNumber` varchar(20) default NULL,
  `MethodOfPayment` enum('C','NC') default NULL,
  PRIMARY KEY  (`ID`),
  KEY `fk_AssetNumber` (`AssetNumber`),
  KEY `fk_DistributorName` (`DistributorName`)
) ENGINE=MyISAM DEFAULT CHARSET=utf8;

--
-- Дамп данных таблицы `repairing`
--

INSERT INTO `repairing` (`ID`, `AssetNumber`, `Breakdown`, `DistributorName`, `StartDate`, `EndDate`, `Garanty`, `Price`, `BillDate`, `GarantyNumber`, `BilNumber`, `MethodOfPayment`) VALUES
(0, 168, 'Проблема с подсветкой экрана', '10', '2011-08-11', '0000-00-00', 0, '4570', '2011-08-31', 63, '2178', 'C'),
(1, 172, 'Не включался. Видимо поломка в цепи питания принтера', '12', '2011-09-07', '2011-09-09', 1, '2550', '2011-09-09', 70, 'Л/014956', 'C'),
(8, 189, 'Замена механизма подачи тонера', '13', '2011-09-16', '2011-09-19', 1, '4100', '2011-09-16', 52, '58068', 'C'),
(9, 190, 'Не работал', '10', '2011-09-13', '2011-09-19', 1, '2790', '2011-09-13', 53, '2234-1', 'NC'),
(10, 231, 'Замяло бумагу', '13', '2011-10-10', '2011-10-10', 1, '600', '2011-10-11', 54, '59389', 'C'),
(11, 269, 'Барабан+ракель', 'Копи-групп', '2011-11-14', '2011-11-14', 1, '7800', '2011-11-14', 59, '62570', 'C'),
(12, 269, 'Девелопер', 'Копи-групп', '2011-11-14', '2011-11-14', 1, '3100', '2011-11-14', 59, '62570', 'C'),
(13, 269, 'Техническое Обслуживание', 'Копи-групп', '2011-11-14', '2011-11-14', 1, '2200', '2011-11-14', 59, '62570', 'C');

-- --------------------------------------------------------

--
-- Структура таблицы `statuses`
--
-- Создание: Ноя 08 2011 г., 04:52
-- Последнее обновление: Ноя 08 2011 г., 04:55
-- Последняя проверка: Ноя 09 2011 г., 04:16
--

CREATE TABLE IF NOT EXISTS `statuses` (
  `StatusCode` int(10) unsigned NOT NULL default '0',
  `SatusName` varchar(20) default NULL,
  PRIMARY KEY  (`StatusCode`)
) ENGINE=MyISAM DEFAULT CHARSET=utf8;

--
-- Дамп данных таблицы `statuses`
--

INSERT INTO `statuses` (`StatusCode`, `SatusName`) VALUES
(0, 'Новое'),
(1, 'Б/У'),
(2, 'Глючное'),
(3, 'Не рабочее'),
(4, 'Возврат по гарантии'),
(5, 'Списано');
COMMIT;

/*!40101 SET CHARACTER_SET_CLIENT=@OLD_CHARACTER_SET_CLIENT */;
/*!40101 SET CHARACTER_SET_RESULTS=@OLD_CHARACTER_SET_RESULTS */;
/*!40101 SET COLLATION_CONNECTION=@OLD_COLLATION_CONNECTION */;
